[
  {
    "name": "db-migrate",
    "image": "${image}",
    "command": ["bundle", "exec", "rake", "db:migrate"],
    "memory": 300,
    "logConfiguration": {
      "logDriver": "awslogs",
      "options": {
        "awslogs-group": "${log_group}",
        "awslogs-region": "us-east-1",
        "awslogs-stream-prefix": "db_migrate"
      }
    },
    "environment": [
      {
        "name": "RAILS_ENV",
        "value": "production"
      },
      {
        "name": "DATABASE_URL",
        "value": "${database_url}"
      },
      {
        "name": "SECRET_KEY_BASE",
        "value": "${secret_key_base}"
      },
      {
        "name": "RAILS_LOG_TO_STDOUT",
        "value": "true"
      }
    ]
  }
]
