[
  {
    "name": "web",
    "image": "${image}",
    "portMappings": [
      {
        "containerPort": 80,
        "hostPort": 80
      }
    ],
    "memory": 300,
    "networkMode": "awsvpc",
    "logConfiguration": {
      "logDriver": "awslogs",
      "options": {
        "awslogs-group": "${log_group}",
        "awslogs-region": "us-east-1",
        "awslogs-stream-prefix": "web"
      }
    },
    "environment": [
      {
        "name": "RAILS_ENV",
        "value": "production"
      },
      {
        "name": "DATABASE_URL",
        "value": "${database_url}"
      },
      {
        "name": "SECRET_KEY_BASE",
        "value": "${secret_key_base}"
      },
      {
        "name": "PORT",
        "value": "80"
      },
      {
        "name": "RAILS_LOG_TO_STDOUT",
        "value": "true"
      },
      {
        "name": "RAILS_SERVE_STATIC_FILES",
        "value": "true"
      }
    ]
  }
]

