{
  "Version": "2012-10-17",
  "Statement": [
    {
      "Effect":"Allow",
      "Action": [
        "s3:GetObject",
        "s3:GetObjectVersion",
        "s3:GetBucketVersioning",
        "s3:List*",
        "s3:PutObject"
      ],
      "Resource": [
        "${aws_s3_bucket_arn}",
        "${aws_s3_bucket_arn}/*"
      ]
    },
    {
      "Effect": "Allow",
      "Action": [
        "codebuild:BatchGetBuilds",
        "codebuild:StartBuild"
      ],
      "Resource": "*"
    },
    {
      "Action": [
        "ecs:*",
        "events:DescribeRule",
        "events:DeleteRule",
        "events:ListRuleNamesByTarget",
        "events:ListTargetsByRule",
        "events:PutRule",
        "events:PutTargets",
        "events:RemoveTargets",
        "iam:ListAttachedRolePolicies",
        "iam:ListInstanceProfiles",
        "iam:ListRoles",
        "logs:CreateLogGroup",
        "logs:DescribeLogGroups",
        "logs:FilterLogEvents"
      ],
      "Resource": "*",
      "Effect": "Allow"
    },
    {
      "Action": "iam:PassRole",
      "Effect": "Allow",
      "Resource": [
        "*"
      ],
      "Condition": {
        "StringLike": {
          "iam:PassedToService": "ecs-tasks.amazonaws.com"
        }
      }
    },
    {
      "Action": "iam:PassRole",
      "Effect": "Allow",
      "Resource": [
        "arn:aws:iam::*:role/ecsInstanceRole*"
      ],
      "Condition": {
        "StringLike": {
          "iam:PassedToService": [
            "ec2.amazonaws.com",
            "ec2.amazonaws.com.cn"
          ]
        }
      }
    },
    {
      "Action": "iam:PassRole",
      "Effect": "Allow",
      "Resource": [
        "arn:aws:iam::*:role/ecsAutoscaleRole*"
      ],
      "Condition": {
        "StringLike": {
          "iam:PassedToService": [
            "application-autoscaling.amazonaws.com",
            "application-autoscaling.amazonaws.com.cn"
          ]
        }
      }
    },
    {
      "Effect": "Allow",
      "Action": "iam:CreateServiceLinkedRole",
      "Resource": "*",
      "Condition": {
        "StringLike": {
          "iam:AWSServiceName": [
            "ecs.amazonaws.com",
            "spot.amazonaws.com",
            "spotfleet.amazonaws.com"
          ]
        }
      }
    }
  ]
}
